--- When using SR data, please cite us and provide a link and/or a mention.


 
,,,,,,,,Standard,Standard,Standard,Standard,Standard,Standard,Standard,Standard,Standard,Standard,,-additional
Rk,Player,Nation,Pos,Squad,Age,Born,90s,Gls,Sh,SoT,SoT%,Sh/90,SoT/90,G/Sh,G/SoT,PK,PKatt,Matches,-9999
1,Matheus Aiás,br BRA,FW,Jeju United,29-240,1996,3.3,1,10,4,40.0,3.00,1.20,0.10,0.25,0,0,Matches,3ac4ee49
2,Airton,br BRA,MFFW,FC Anyang,27-206,1999,9.5,5,4,2,50.0,0.42,0.21,1.25,2.50,0,0,Matches,751ef075
3,Anderson,br BRA,MFFW,FC Seoul,28-042,1998,16.2,2,18,6,33.3,1.11,0.37,0.11,0.33,0,0,Matches,4242a0a1
4,Juan Antonio Ros,es ESP,DF,FC Seoul,30-165,1996,24.6,2,8,2,25.0,0.33,0.08,0.25,1.00,0,0,Matches,44415755
5,Yazan Al-Arab,jo JOR,DF,FC Seoul,30-208,1996,19.0,1,12,4,33.3,0.63,0.21,0.08,0.25,0,0,Matches,32878a09
6,Hrvoje Babec,hr CRO,MF,FC Seoul,27-030,1999,21.8,3,23,9,39.1,1.05,0.41,0.13,0.33,0,0,Matches,fe77168c
7,Gong Baehyeon,kr KOR,DF,Gwangju FC,19-175,2007,8.1,0,0,0,,0.00,0.00,,,0,0,Matches,2fe4b303
8,Danny Bakker,nl NED,DFMF,FC Anyang,31-223,1995,0.2,0,0,0,,0.00,0.00,,,0,0,Matches,353ef2a1
9,Rodrigo Bassani,br BRA,FWMF,Bucheon FC,28-314,1997,10.3,0,22,5,22.7,2.15,0.49,0.00,0.00,0,0,Matches,a66767ae
10,Yoon Bit-garam,kr KOR,MFFW,Bucheon FC,36-112,1990,8.3,0,6,1,16.7,0.72,0.12,0.00,0.00,0,0,Matches,35c2aa94
11,Kim Bo-kyung,kr KOR,MFFW,FC Anyang,36-325,1989,1.9,0,3,0,0.0,1.58,0.00,0.00,,0,0,Matches,587ddfd6
12,Victor Bobsin,br BRA,MF,Daejeon Hana,26-227,2000,6.2,0,1,1,100.0,0.16,0.16,0.00,0.00,0,0,Matches,572a8297
13,Darijan Bojanić,se SWE,MF,Ulsan HD,31-242,1994,14.5,0,3,1,33.3,0.21,0.07,0.00,0.00,0,0,Matches,aa09d373
14,Yeo Bong-hun,kr KOR,MFDF,Bucheon FC,32-168,1994,2.4,0,0,0,,0.00,0.00,,,0,0,Matches,afa33e07
15,Kim Bongsoo,kr KOR,MF,Daejeon Hana,26-244,1999,23.4,0,8,0,0.0,0.34,0.00,0.00,,0,0,Matches,76854562
16,Song Bum-keun,kr KOR,GK,Jeonbuk,28-316,1997,24.0,0,0,0,,0.00,0.00,,,0,0,Matches,2455c2d6
17,Choe Byeongchan,kr KOR,FW,Gangwon FC,30-145,1996,11.8,1,15,5,33.3,1.27,0.42,0.07,0.20,0,0,Matches,e739b04e
18,Jeon Byeonggwan,kr KOR,MF,Sangmu,23-290,2002,4.8,0,7,3,42.9,1.47,0.63,0.00,0.00,0,0,Matches,86746ccb
19,Choi Byeongwook,kr KOR,MFFW,Jeju United,21-138,2005,4.5,1,9,3,33.3,2.01,0.67,0.11,0.33,0,0,Matches,34a6c7d0
20,Yago Cariello,br BRA,FW,Ulsan HD,27-031,1999,12.7,11,35,17,48.6,2.75,1.34,0.31,0.65,1,1,Matches,ba15f491
21,Julien Celestine,fr FRA,DF,Jeju United,29-034,1997,22.3,2,13,3,23.1,0.58,0.13,0.15,0.67,0,0,Matches,3dd4379b
22,Park Chan-yong,kr KOR,DF,Pohang Steelers,30-212,1996,20.3,0,10,1,10.0,0.49,0.05,0.00,0.00,0,0,Matches,265cd8eb
23,Kwon Chang-hoon,kr KOR,MF,Jeju United,32-058,1994,9.1,0,15,1,6.7,1.65,0.11,0.00,0.00,0,0,Matches,7961f7aa
24,Lee Chang-keun,kr KOR,GK,Daejeon Hana,32-362,1993,25.0,0,0,0,,0.00,0.00,,,0,0,Matches,703a5565
25,Lee Chang-min,kr KOR,MF,Jeju United,32-219,1994,5.2,0,2,0,0.0,0.39,0.00,0.00,,0,0,Matches,90bce33a
26,Sin Chang-moo,kr KOR,MF,Gwangju FC,33-344,1992,10.1,3,8,2,25.0,0.79,0.20,0.38,1.50,1,1,Matches,033952ee
27,Ha Chang-rae,kr KOR,DF,Daejeon Hana,31-315,1994,9.5,2,3,2,66.7,0.32,0.21,0.67,1.00,0,0,Matches,84ce3617
28,Rim Chang-woo,kr KOR,DFMF,Jeju United,34-195,1992,4.3,0,3,0,0.0,0.70,0.00,0.00,,0,0,Matches,8de323e0
29,Lee Chang-yong,kr KOR,DF,FC Anyang,36-000,1990,17.2,1,6,1,16.7,0.35,0.06,0.17,1.00,0,0,Matches,3aa04ad0
30,Park Changjun,kr KOR,MFFW,Jeju United,29-247,1996,11.0,2,9,5,55.6,0.82,0.46,0.22,0.40,0,0,Matches,51dc505b
31,Lee Changwoo,kr KOR,MF,Pohang Steelers,20-168,2006,3.4,0,1,0,0.0,0.29,0.00,0.00,,0,0,Matches,61ffd835
32,Lee Chanouk,kr KOR,DF,Sangmu,23-205,2003,3.3,0,4,0,0.0,1.21,0.00,0.00,,0,0,Matches,9b46db4a
33,Park Cheolwoo,kr KOR,DF,Sangmu,28-310,1997,20.0,2,9,4,44.4,0.45,0.20,0.22,0.50,0,0,Matches,edbd81c9
34,Jung Chiin,kr KOR,MF,Incheon United,29-006,1997,5.3,0,2,1,50.0,0.38,0.19,0.00,0.00,0,0,Matches,efd8c074
35,Hong Chul,kr KOR,DF,Gangwon FC,35-344,1990,3.0,0,0,0,,0.00,0.00,,,0,0,Matches,c7de2245
36,Park Chung-hyo,kr KOR,GK,Gangwon FC,36-195,1990,24.0,0,0,0,,0.00,0.00,,,0,0,Matches,9c55d736
37,Lee Chung-yong,kr KOR,FWMF,Incheon United,38-056,1988,17.5,1,8,2,25.0,0.46,0.11,0.13,0.50,1,1,Matches,49b05a83
38,Lee Chunghyun,kr KOR,FW,Bucheon FC,18-349,2007,0.0,0,0,0,,0.00,0.00,,,0,0,Matches,9bca7c41
39,Andrea Compagno,it ITA,FW,Jeonbuk,30-127,1996,0.6,0,3,1,33.3,4.91,1.64,0.00,0.00,0,0,Matches,eb9bcb88
40,Kim Da-sol,kr KOR,GK,FC Anyang,37-235,1989,3.0,0,0,0,,0.00,0.00,,,0,0,Matches,00917f74
41,Kim Daewon,kr KOR,MFFW,Gangwon FC,29-198,1997,23.2,7,29,11,37.9,1.25,0.47,0.24,0.64,1,1,Matches,3edb252e
42,Diogo,br BRA,FW,Daejeon Hana,29-266,1996,10.3,3,20,5,25.0,1.94,0.48,0.15,0.60,0,0,Matches,4e365f70
43,Kim Dohyun,kr KOR,DF,Gangwon FC,22-107,2004,8.9,0,3,0,0.0,0.34,0.00,0.00,,0,0,Matches,3a8909ce
44,Lee Dong-gyeong,kr KOR,MFFW,Ulsan HD,28-341,1997,19.6,9,43,20,46.5,2.19,1.02,0.21,0.45,2,2,Matches,a6828876
45,Kim Dong-jin,kr KOR,DFMF,FC Anyang,33-242,1992,17.7,1,3,3,100.0,0.17,0.17,0.33,0.33,0,0,Matches,138bbc1f
46,Kim Dong-jun,kr KOR,GK,Jeju United,31-251,1994,25.0,0,0,0,,0.00,0.00,,,0,0,Matches,5c44f13c
47,Baek Dong-kyu,kr KOR,DF,Bucheon FC,35-089,1991,18.3,1,2,1,50.0,0.11,0.05,0.50,1.00,0,0,Matches,1473e57a
48,Kim Dongheon,kr KOR,GK,Incheon United,29-177,1997,19.1,0,0,0,,0.00,0.00,,,0,0,Matches,bfa412a7
49,Kim Donghwa,kr KOR,GK,Gwangju FC,23-112,2003,4.0,0,0,0,,0.00,0.00,,,0,0,Matches,56d14d24
50,Kim Donghyeon,kr KOR,FWMF,Bucheon FC,23-255,2002,4.4,0,2,0,0.0,0.45,0.00,0.00,,0,0,Matches,594fad7c
51,Kim Donghyun,kr KOR,MF,Gangwon FC,29-077,1997,4.7,2,5,2,40.0,1.07,0.43,0.40,1.00,0,0,Matches,999d1192
52,Kim Dongjin,kr KOR,MFDF,Pohang Steelers,23-028,2003,16.2,0,7,0,0.0,0.43,0.00,0.00,,0,0,Matches,ef38c606
53,Lee Dongjun,kr KOR,MF,Jeonbuk,29-207,1997,18.7,3,27,8,29.6,1.44,0.43,0.11,0.38,0,0,Matches,96d0b6f0
54,Lee Dongryul,kr KOR,MF,Incheon United,26-079,2000,11.7,3,16,4,25.0,1.37,0.34,0.19,0.75,0,0,Matches,4fb71185
55,Hwang Doyun,kr KOR,MF,FC Seoul,23-140,2003,4.1,1,2,0,0.0,0.49,0.00,0.50,,0,0,Matches,816f2cbf
56,Lim Dugkeun,kr KOR,DFMF,Sangmu,26-183,2000,6.3,0,4,0,0.0,0.64,0.00,0.00,,0,0,Matches,17ae8824
57,Lee Euihyung,kr KOR,FWMF,Bucheon FC,28-177,1998,4.4,1,1,1,100.0,0.23,0.23,1.00,1.00,0,0,Matches,4180ede6
58,Erick Farias,br BRA,FWMF,Ulsan HD,29-236,1997,4.5,1,4,1,25.0,0.88,0.22,0.25,1.00,0,0,Matches,f50ae991
59,Gerso Fernandes,pt POR,MF,Incheon United,35-185,1991,17.5,3,19,9,47.4,1.09,0.51,0.16,0.33,0,0,Matches,43cbe937
60,Morgan Ferrier,gy GUY,FW,Incheon United,31-285,1994,14.1,6,28,11,39.3,1.99,0.78,0.21,0.55,0,0,Matches,00c8db49
61,Tobias Figueiredo,pt POR,DF,Jeju United,32-206,1994,10.0,2,3,2,66.7,0.30,0.20,0.67,1.00,0,0,Matches,352cabbc
62,Hólmbert Friðjónsson,is ISL,FW,Gwangju FC,33-130,1993,11.8,1,20,4,20.0,1.69,0.34,0.05,0.25,1,1,Matches,5e175384
63,Vitor Gabriel,br BRA,FW,Bucheon FC,26-219,2000,11.1,5,19,7,36.8,1.72,0.63,0.26,0.71,0,0,Matches,094c2abd
64,Jefferson Galego,br BRA,FWMF,Bucheon FC,29-145,1997,21.0,8,42,18,42.9,2.00,0.86,0.19,0.44,2,2,Matches,a14b8d2d
65,João Gamboa,pt POR,MF,Jeonbuk,29-361,1996,2.7,0,12,4,33.3,4.52,1.51,0.00,0.00,0,0,Matches,f5dfeb5d
66,Kim Geonhui,kr KOR,DF,Incheon United,23-345,2002,16.0,2,9,5,55.6,0.56,0.31,0.22,0.40,0,0,Matches,7687777c
67,Choi Geonju,kr KOR,MFFW,FC Anyang,27-062,1999,17.5,5,12,6,50.0,0.68,0.34,0.42,0.83,0,0,Matches,6bb6684d
68,Lee Gi-hyuk,kr KOR,DFMF,Gangwon FC,26-051,2000,21.5,0,7,2,28.6,0.33,0.09,0.00,0.00,0,0,Matches,18c8c3c7
69,Teun van Grunsven,nl NED,DF,Gwangju FC,26-301,1999,7.6,0,5,0,0.0,0.66,0.00,0.00,,0,0,Matches,f54637a1
70,Kim Gun-hee,kr KOR,FW,Gangwon FC,31-186,1995,6.2,0,5,4,80.0,0.80,0.64,0.00,0.00,0,1,Matches,cbb61de9
71,Min Gyeonghyeon,kr KOR,MF,Sangmu,24-254,2001,1.0,0,0,0,,0.00,0.00,,,0,0,Matches,be39c302
72,Choi Gyuhyeon,kr KOR,MF,FC Anyang,25-342,2000,6.9,0,1,1,100.0,0.15,0.15,0.00,0.00,0,0,Matches,399d642c
73,Jung Gyumin,kr KOR,MF,Gwangju FC,19-235,2007,0.0,0,0,0,,0.00,0.00,,,0,0,Matches,7096de36
74,Kim Hajun,kr KOR,DF,Jeonbuk,24-041,2002,6.1,1,1,0,0.0,0.16,0.00,1.00,,0,0,Matches,87d50cdc
75,Lee Han-do,kr KOR,DF,FC Seoul,32-164,1994,0.5,0,0,0,,0.00,0.00,,,0,0,Matches,9b5cb7de
76,Jung Hanmin,kr KOR,FW,Pohang Steelers,25-231,2001,2.3,1,3,1,33.3,1.33,0.44,0.33,1.00,0,0,Matches,4deb2dfe
77,Roh Heedong,kr KOR,GK,Gwangju FC,24-085,2002,4.0,0,0,0,,0.00,0.00,,,0,0,Matches,3a77c3af
78,Lee Heonjae,kr KOR,FW,Pohang Steelers,20-157,2006,0.0,0,0,0,,0.00,0.00,,,0,0,Matches,73baf5d0
79,Breno Herculano,br BRA,FW,FC Anyang,27-192,1999,8.0,2,12,2,16.7,1.50,0.25,0.17,1.00,0,0,Matches,83b2c094
80,Abdallah Hleihil,il ISR,FW,Gangwon FC,25-228,2001,6.4,7,22,11,50.0,3.43,1.71,0.32,0.64,0,0,Matches,28c144b9
81,Lee Hojae,kr KOR,FW,Pohang Steelers,25-317,2000,18.7,8,24,7,29.2,1.28,0.37,0.33,1.14,4,4,Matches,558c9a3d
82,Jeong Hojin,kr KOR,DF,Bucheon FC,27-021,1999,10.4,0,0,0,,0.00,0.00,,,0,0,Matches,0b94353d
83,Kim Hojin,kr KOR,DF,Pohang Steelers,20-332,2005,12.6,0,3,0,0.0,0.24,0.00,0.00,,0,0,Matches,66b4612d
84,Park Homin,kr KOR,FW,Incheon United,24-322,2001,1.0,0,0,0,,0.00,0.00,,,0,0,Matches,3d9d4045
85,Park Hoyoung,kr KOR,DF,Gangwon FC,27-142,1999,1.2,0,1,0,0.0,0.83,0.00,0.00,,0,0,Matches,56ba7888
86,Lee Huigyun,kr KOR,MFFW,Ulsan HD,28-120,1998,12.8,1,8,3,37.5,0.62,0.23,0.13,0.33,0,0,Matches,2cb40392
87,Kang Huisu,kr KOR,MF,Gwangju FC,23-183,2003,2.4,0,0,0,,0.00,0.00,,,0,0,Matches,e4aea221
88,Oh Huseong,kr KOR,MFFW,Incheon United,27-002,1999,5.3,1,0,0,,0.00,0.00,,,0,0,Matches,5235e9e6
89,Ahn Hyeokju,kr KOR,MFFW,Gwangju FC,21-358,2004,12.3,0,6,0,0.0,0.49,0.00,0.00,,0,0,Matches,f7c18620
90,Jo Hyeon-woo,kr KOR,GK,Ulsan HD,34-336,1991,25.0,0,0,0,,0.00,0.00,,,0,0,Matches,c75a3145
91,Joo Hyeon-woo,kr KOR,DF,FC Anyang,35-349,1990,1.6,0,0,0,,0.00,0.00,,,0,0,Matches,7bf46719
92,Oh Hyeongjun,kr KOR,MF,FC Anyang,19-132,2007,0.1,0,0,0,,0.00,0.00,,,0,0,Matches,84994055
93,Kim Hyeongug,kr KOR,MF,Daejeon Hana,31-066,1995,3.3,0,2,1,50.0,0.60,0.30,0.00,0.00,0,1,Matches,65fad235
94,Han Hyeonseo,kr KOR,DF,Pohang Steelers,22-237,2004,6.7,0,0,0,,0.00,0.00,,,0,0,Matches,b88d8478
95,Chae Hyeonu,kr KOR,MFFW,FC Anyang,22-008,2004,7.9,0,6,4,66.7,0.76,0.51,0.00,0.00,0,0,Matches,ffb5964d
96,Kim Hyeonyeob,kr KOR,GK,Bucheon FC,25-005,2001,9.9,0,0,0,,0.00,0.00,,,0,0,Matches,a767baaa
97,Lee Hyobin,kr KOR,FW,Gangwon FC,19-026,2007,0.3,0,0,0,,0.00,0.00,,,0,0,Matches,c43d5b6e
98,Kim Hyung-keun,kr KOR,GK,Bucheon FC,32-233,1994,15.1,0,0,0,,0.00,0.00,,,0,0,Matches,dc1be7c5
99,Moon Hyunho,kr KOR,GK,Sangmu,23-106,2003,1.0,0,0,0,,0.00,0.00,,,0,0,Matches,32028051
100,Lee Hyunsik,kr KOR,MF,Daejeon Hana,30-159,1996,8.6,0,3,1,33.3,0.35,0.12,0.00,0.00,0,0,Matches,c65a4b65
101,Cho Hyuntaek,kr KOR,DFMF,Ulsan HD,25-025,2001,22.5,0,9,2,22.2,0.40,0.09,0.00,0.00,0,0,Matches,a4552ad4
102,Kim Hyunwoo,kr KOR,DF,Sangmu,27-173,1999,4.0,0,0,0,,0.00,0.00,,,0,0,Matches,1cee961c
103,Juan Ibiza,es ESP,DF,Incheon United,31-010,1995,22.8,1,12,5,41.7,0.53,0.22,0.08,0.20,0,0,Matches,3fd69c15
104,Yu In-soo,kr KOR,DFMF,Jeju United,31-242,1994,17.9,1,5,1,20.0,0.28,0.06,0.20,1.00,0,0,Matches,eed53c90
105,Kim In-sung,kr KOR,MF,Pohang Steelers,36-352,1989,0.5,0,0,0,,0.00,0.00,,,0,0,Matches,ae7d1c33
106,Kim Ingyun,kr KOR,MF,Sangmu,28-035,1998,4.5,1,18,6,33.3,3.97,1.32,0.06,0.17,0,0,Matches,cd4041b9
107,Hwang Injae,kr KOR,GK,Pohang Steelers,32-127,1994,18.0,0,0,0,,0.00,0.00,,,0,0,Matches,e923520a
108,Jo Injung,kr KOR,DFMF,Jeju United,20-292,2005,3.1,1,2,0,0.0,0.64,0.00,0.50,,0,0,Matches,e74a9233
109,Back Inwoo,kr KOR,MF,Ulsan HD,19-271,2006,0.5,0,0,0,,0.00,0.00,,,0,0,Matches,8e0321d1
110,John Iredale,au AUS,FWMF,Gwangju FC,27-026,1999,7.8,2,23,11,47.8,2.95,1.41,0.09,0.18,0,0,Matches,83fb76eb
111,Masatoshi Ishida,jp JPN,MFFW,Daejeon Hana,31-115,1995,8.2,3,18,3,16.7,2.19,0.37,0.17,1.00,0,0,Matches,2b34a458
112,Italo,br BRA,MF,Jeonbuk,23-318,2002,1.5,0,12,2,16.7,8.00,1.33,0.00,0.00,0,0,Matches,da8bc098
113,Italo,br BRA,MF,Jeju United,29-024,1997,14.6,1,6,1,16.7,0.41,0.07,0.17,1.00,0,0,Matches,6cb94039
114,Jeong Jae-hee,kr KOR,MFFW,Daejeon Hana,32-121,1994,8.9,6,14,7,50.0,1.57,0.79,0.43,0.86,0,0,Matches,6116cf00
115,Kim Jae-woo,kr KOR,DF,Jeju United,28-202,1998,10.2,0,0,0,,0.00,0.00,,,0,0,Matches,168b3b82
116,Hwang Jaehwan,kr KOR,FW,Pohang Steelers,25-137,2001,0.8,0,0,0,,0.00,0.00,,,0,0,Matches,b5f8ec6c
117,Oh Jaehyeok,kr KOR,MFFW,Jeju United,24-067,2002,13.5,2,20,3,15.0,1.49,0.22,0.10,0.67,0,0,Matches,48087cca
118,Go Jaehyeon,kr KOR,MF,Sangmu,27-175,1999,18.5,6,26,10,38.5,1.40,0.54,0.23,0.60,0,0,Matches,09a163a6
119,Mo Jaehyeon,kr KOR,MF,Gangwon FC,29-337,1996,17.4,2,17,6,35.3,0.98,0.35,0.12,0.33,0,1,Matches,f8833ba8
120,Kim Jaehyun,kr KOR,DF,FC Anyang,22-177,2004,4.9,0,1,0,0.0,0.20,0.00,0.00,,0,0,Matches,db5fc63a
121,Lee Jaeik,kr KOR,DF,Ulsan HD,27-098,1999,17.4,0,5,1,20.0,0.29,0.06,0.00,0.00,0,0,Matches,feeea28b
122,An Jaejun,kr KOR,MFFW,Pohang Steelers,25-146,2001,3.5,0,10,3,30.0,2.85,0.85,0.00,0.00,0,0,Matches,025cc566
123,Jeong Jaemin,kr KOR,FW,Sangmu,24-303,2001,5.1,0,7,3,42.9,1.37,0.59,0.00,0.00,0,0,Matches,28f9e82d
124,Seo Jaemin,kr KOR,MF,Incheon United,22-345,2003,23.7,1,9,3,33.3,0.38,0.13,0.11,0.33,0,0,Matches,fadf572f
125,Jeong Jaesang,kr KOR,FW,Ulsan HD,22-094,2004,0.3,0,2,1,50.0,7.83,3.91,0.00,0.00,0,0,Matches,edcdc82f
126,Hong Jaeseok,kr KOR,DF,FC Anyang,23-055,2003,0.2,0,1,0,0.0,4.50,0.00,0.00,,0,0,Matches,5da4d929
127,Yoon Jaeseok,kr KOR,MF,Sangmu,22-309,2003,1.6,0,2,1,50.0,1.26,0.63,0.00,0.00,0,0,Matches,95cc4b1d
128,Lee Jaewon,kr KOR,DFMF,Bucheon FC,24-114,2002,3.1,0,0,0,,0.00,0.00,,,0,0,Matches,4e189dd6
129,Shin Jaewon,kr KOR,MFDF,Bucheon FC,27-345,1998,8.1,1,1,0,0.0,0.12,0.00,1.00,,0,0,Matches,085104e8
130,Park Janghangyeol,kr KOR,MF,FC Seoul,22-193,2004,0.0,0,0,0,,0.00,0.00,,,0,0,Matches,378918bd
131,Yeon Je-woon,kr KOR,DF,Jeonbuk,31-364,1994,1.3,0,0,0,,0.00,0.00,,,0,0,Matches,3040570c
132,Yu Jeho,kr KOR,MF,Gwangju FC,26-012,2000,13.1,0,3,0,0.0,0.23,0.00,0.00,,0,0,Matches,564be0fa
133,Kim Jeong-Hyun,kr KOR,MF,FC Anyang,33-087,1993,17.0,1,6,0,0.0,0.35,0.00,0.17,,0,0,Matches,41e8bc92
134,Son Jeongbeom,kr KOR,MFFW,FC Seoul,18-333,2007,12.1,1,6,2,33.3,0.50,0.17,0.17,0.50,0,0,Matches,f2ecca12
135,Kim JeongHoon,kr KOR,GK,FC Anyang,25-129,2001,22.0,0,0,0,,0.00,0.00,,,0,0,Matches,345bb582
136,Park Jeonghun,kr KOR,MFFW,FC Anyang,22-006,2004,2.1,0,3,0,0.0,1.41,0.00,0.00,,0,0,Matches,de7c8518
137,Park Jeongin,kr KOR,FW,Bucheon FC,25-324,2000,2.1,0,3,1,33.3,1.43,0.48,0.00,0.00,0,0,Matches,64d36b21
138,Park Jeongin,kr KOR,FWMF,Gwangju FC,25-324,2000,5.3,0,2,1,50.0,0.38,0.19,0.00,0.00,0,0,Matches,64d36b21
139,Eo Jeongwon,kr KOR,DFMF,Pohang Steelers,27-050,1999,22.2,0,7,3,42.9,0.32,0.14,0.00,0.00,0,1,Matches,415271d2
140,Han Ji-ho,kr KOR,FWMF,Bucheon FC,37-255,1988,4.2,0,2,1,50.0,0.48,0.24,0.00,0.00,0,0,Matches,09a46932
141,Park Ji-soo,kr KOR,DF,Jeonbuk,32-075,1994,5.8,1,2,1,50.0,0.35,0.17,0.50,1.00,0,0,Matches,cb7a0acf
142,Lee Jiho,kr KOR,FW,Gangwon FC,24-133,2002,0.1,0,0,0,,0.00,0.00,,,0,0,Matches,b4b76bb7
143,Kang Jihoon,kr KOR,DFMF,FC Anyang,29-233,1997,11.6,1,3,1,33.3,0.26,0.09,0.33,1.00,0,0,Matches,d1d67516
144,Kim JiHoon,kr KOR,DF,FC Anyang,21-317,2004,1.6,0,0,0,,0.00,0.00,,,0,0,Matches,08bd7baf
145,Joung Jihun,kr KOR,MFFW,Gwangju FC,22-140,2004,14.9,1,12,5,41.7,0.80,0.34,0.08,0.20,0,0,Matches,ebacc162
146,Kim Jin-gyu,kr KOR,MF,Jeonbuk,29-184,1997,20.4,2,15,8,53.3,0.74,0.39,0.13,0.25,0,0,Matches,7c0479b1
147,Lee Jin-hyun,kr KOR,MFFW,Ulsan HD,29-001,1997,14.0,1,9,4,44.4,0.64,0.29,0.11,0.25,0,0,Matches,90624e56
148,Kim Jin-su,kr KOR,DF,FC Seoul,34-075,1992,21.4,0,10,1,10.0,0.47,0.05,0.00,0.00,0,0,Matches,8e6ff136
149,Kim Jin-ya,kr KOR,DF,Daejeon Hana,28-058,1998,1.2,0,0,0,,0.00,0.00,,,0,0,Matches,7f24e11d
150,Kim Jinho,kr KOR,DF,Gwangju FC,26-218,2000,9.3,0,1,0,0.0,0.11,0.00,0.00,,0,0,Matches,4d39aa4c
151,Park Jinseong,kr KOR,DF,Sangmu,25-104,2001,3.6,0,1,0,0.0,0.28,0.00,0.00,,0,0,Matches,36c23c13
152,Seo Jinsu,kr KOR,MFFW,Daejeon Hana,25-313,2000,13.1,4,17,4,23.5,1.30,0.31,0.24,1.00,0,0,Matches,3b022f77
153,Bae Jinwoo,kr KOR,DF,Gwangju FC,24-216,2002,0.4,0,0,0,,0.00,0.00,,,0,0,Matches,cad836fc
154,Lee Jinyong,kr KOR,MF,FC Anyang,25-118,2001,6.8,0,2,0,0.0,0.29,0.00,0.00,,0,0,Matches,468819c5
155,Mun Jiwhan,kr KOR,MF,Incheon United,32-032,1994,0.1,0,0,0,,0.00,0.00,,,0,0,Matches,6e433016
156,Lim Jong-eun,kr KOR,DF,Daejeon Hana,36-070,1990,2.0,0,0,0,,0.00,0.00,,,0,0,Matches,c734146f
157,Yoon Jong-gyu,kr KOR,DF,Ulsan HD,28-160,1998,2.1,0,0,0,,0.00,0.00,,,0,0,Matches,5b6af1ad
158,Baek Jongbum,kr KOR,GK,Sangmu,25-218,2001,24.0,0,0,0,,0.00,0.00,,,0,0,Matches,7c216b30
159,Kim Jongmin,kr KOR,DF,Bucheon FC,25-136,2001,0.2,0,0,0,,0.00,0.00,,,0,0,Matches,aa84ec7d
160,Kim Jongsuk,kr KOR,FW,Gwangju FC,31-259,1994,0.4,0,1,1,100.0,2.81,2.81,0.00,0.00,0,0,Matches,570d2058
161,Kim Jongwoo,kr KOR,MFDF,Bucheon FC,32-330,1993,8.4,1,4,3,75.0,0.48,0.36,0.25,0.33,0,0,Matches,0c409e7e
162,Lee Joohyun,kr KOR,GK,Jeonbuk,27-264,1998,1.0,0,0,0,,0.00,0.00,,,0,0,Matches,5049c562
163,Lee Ju-yong,kr KOR,DF,Incheon United,33-335,1992,20.9,1,13,3,23.1,0.62,0.14,0.08,0.33,0,0,Matches,fa2685fe
164,Kim Juchan,kr KOR,MF,Sangmu,22-151,2004,9.8,2,12,4,33.3,1.23,0.41,0.17,0.50,0,0,Matches,27d3e87c
165,Ivan Jukić,ba BIH,MFFW,FC Anyang,30-067,1996,6.0,0,6,0,0.0,1.00,0.00,0.00,,0,0,Matches,39a945ac
166,Choi Jun,kr KOR,DF,FC Seoul,27-132,1999,21.5,0,4,0,0.0,0.19,0.00,0.00,,0,0,Matches,9547dffe
167,Kim Junbum,kr KOR,FWMF,Daejeon Hana,28-225,1998,2.5,1,6,2,33.3,2.37,0.79,0.17,0.50,0,0,Matches,b86e439c
168,Lee Jungtaek,kr KOR,DF,Sangmu,28-096,1998,21.9,1,2,1,50.0,0.09,0.05,0.50,1.00,0,0,Matches,59235d98
169,Kim Junha,kr KOR,MFFW,Jeju United,20-268,2005,11.7,1,7,3,42.9,0.60,0.26,0.14,0.33,0,0,Matches,6da9f1be
170,Kang Junhyuk,kr KOR,DF,Gangwon FC,26-311,1999,20.2,0,6,1,16.7,0.30,0.05,0.00,0.00,0,0,Matches,5603064d
171,Song Junseok,kr KOR,DF,Gangwon FC,25-202,2001,14.0,1,14,3,21.4,1.00,0.21,0.07,0.33,0,0,Matches,609fc015
172,Byun Junsoo,kr KOR,DF,Sangmu,24-270,2001,14.8,1,10,2,20.0,0.68,0.14,0.10,0.50,0,0,Matches,88ad1345
173,Kim Kang,kr KOR,FW,FC Anyang,19-053,2007,1.0,0,1,0,0.0,1.03,0.00,0.00,,0,0,Matches,dcc78299
174,Lee Kanghyun,kr KOR,MF,Sangmu,28-027,1998,9.3,0,8,0,0.0,0.86,0.00,0.00,,0,0,Matches,89573714
175,Yu Kanghyun,kr KOR,FW,Daejeon Hana,30-122,1996,3.5,1,5,1,20.0,1.43,0.29,0.20,1.00,0,0,Matches,43dfbf49
176,Han Karam,kr KOR,MF,FC Anyang,28-199,1998,6.6,0,3,0,0.0,0.45,0.00,0.00,,0,0,Matches,43ba633b
177,Kim Keon-woong,kr KOR,DFMF,Jeju United,28-363,1997,6.5,0,4,2,50.0,0.62,0.31,0.00,0.00,0,0,Matches,df416e60
178,Won Kijong,kr KOR,FW,Pohang Steelers,30-233,1996,2.9,1,5,1,20.0,1.71,0.34,0.20,1.00,0,0,Matches,cdecfd32
179,Patryk Klimala,pl POL,FW,FC Seoul,28-022,1998,17.2,10,33,10,30.3,1.91,0.58,0.30,1.00,1,1,Matches,0bf3c11c
180,Branislav Knežević,rs SRB,MF,FC Anyang,24-037,2002,5.5,0,7,0,0.0,1.28,0.00,0.00,,0,0,Matches,d4d1541b
181,Anton Krivotsyuk,az AZE,DF,Daejeon Hana,27-364,1998,13.2,1,8,2,25.0,0.61,0.15,0.13,0.50,0,0,Matches,2e755dfe
182,Lee Kunhee,kr KOR,FW,Sangmu,28-191,1998,18.2,4,22,7,31.8,1.21,0.38,0.18,0.57,0,0,Matches,2a69bff3
183,Shin Kwang-hoon,kr KOR,DF,Pohang Steelers,39-162,1987,9.7,0,0,0,,0.00,0.00,,,0,0,Matches,b2390654
184,Kim Kwangwon,kr KOR,FW,Pohang Steelers,22-223,2004,0.3,0,0,0,,0.00,0.00,,,0,0,Matches,5e1c967e
185,Kim Kyeong-min,kr KOR,GK,Gwangju FC,34-299,1991,17.0,0,0,0,,0.00,0.00,,,0,0,Matches,a4f42989
186,Choi Kyoung-rok,kr KOR,MFFW,Gwangju FC,31-165,1995,7.5,1,5,1,20.0,0.67,0.13,0.20,1.00,0,0,Matches,f9552f68
187,Lee Kyu-seong,kr KOR,MF,Ulsan HD,32-109,1994,21.7,0,7,2,28.6,0.32,0.09,0.00,0.00,0,0,Matches,e69c1a93
188,Park Kyuhyun,kr KOR,DF,Daejeon Hana,25-135,2001,6.2,0,3,1,33.3,0.49,0.16,0.00,0.00,0,0,Matches,88ed2a5e
189,Kwon Kyung-won,kr KOR,DF,FC Anyang,34-208,1992,19.5,1,5,1,20.0,0.26,0.05,0.20,1.00,0,0,Matches,ad1516af
190,Roh Kyungho,kr KOR,MF,Sangmu,26-053,2000,0.6,0,2,0,0.0,3.46,0.00,0.00,,0,0,Matches,6d174988
191,Park Kyungsub,kr KOR,DF,Incheon United,22-056,2004,9.2,0,0,0,,0.00,0.00,,,0,0,Matches,250567f7
192,Leandro,br BRA,FW,Incheon United,31-226,1995,0.6,0,0,0,,0.00,0.00,,,0,0,Matches,6c3c0ae1
193,Adriel Loua,ci CIV,MF,Gwangju FC,30-033,1996,4.9,0,6,1,16.7,1.24,0.21,0.00,0.00,0,0,Matches,b13a2b09
194,Gustav Ludwigson,se SWE,MFFW,Daejeon Hana,32-311,1993,17.3,4,19,6,31.6,1.10,0.35,0.21,0.67,0,0,Matches,585fe2f8
195,Jorge Luiz,br BRA,MFFW,Pohang Steelers,27-067,1999,3.7,0,2,2,100.0,0.54,0.54,0.00,0.00,0,0,Matches,63b74b47
196,Marcão,br BRA,FW,Ulsan HD,32-071,1994,6.3,5,28,8,28.6,4.42,1.26,0.18,0.63,1,1,Matches,7e57dcf9
197,Benji Michel,us USA,MF,Ulsan HD,28-308,1997,3.0,0,6,1,16.7,2.00,0.33,0.00,0.00,0,0,Matches,151ca25f
198,Jeon Min-gwang,kr KOR,DF,Pohang Steelers,33-222,1993,15.8,0,2,0,0.0,0.13,0.00,0.00,,0,0,Matches,5cd0e178
199,Lee Min-ki,kr KOR,DFMF,Gwangju FC,33-100,1993,5.8,0,1,1,100.0,0.17,0.17,0.00,0.00,0,0,Matches,b7e6f5fe
200,Joo Min-kyu,kr KOR,FW,Daejeon Hana,36-136,1990,13.1,5,29,10,34.5,2.22,0.77,0.17,0.50,0,0,Matches,aa128730
201,Kim Minduk,kr KOR,DF,Daejeon Hana,30-050,1996,7.2,0,1,0,0.0,0.14,0.00,0.00,,0,0,Matches,cdd82dc4
202,Kang Mingeu,kr KOR,FW,Sangmu,27-354,1998,2.0,0,1,1,100.0,0.51,0.51,0.00,0.00,0,0,Matches,f877c1c5
203,Baek Mingyu,kr KOR,FW,Incheon United,20-280,2005,0.1,0,0,0,,0.00,0.00,,,0,0,Matches,6864fe0e
204,Jang Mingyu,kr KOR,MF,Jeju United,27-174,1999,16.4,1,8,2,25.0,0.49,0.12,0.13,0.50,0,0,Matches,c9237648
205,Shin Minha,kr KOR,DF,Gangwon FC,20-346,2005,10.5,0,2,1,50.0,0.19,0.09,0.00,0.00,0,0,Matches,b343eab8
206,Lee Minhyeok,kr KOR,MF,Ulsan HD,24-220,2002,1.4,0,2,0,0.0,1.46,0.00,0.00,,0,0,Matches,5e7b2380
207,Lee Minhyeok,kr KOR,MF,Incheon United,24-220,2002,0.9,0,0,0,,0.00,0.00,,,0,0,Matches,5e7b2380
208,Kong Minhyu,kr KOR,FW,FC Anyang,36-220,1990,12.5,2,10,3,30.0,0.80,0.24,0.20,0.67,0,0,Matches,bd6dac23
209,Park MinJae,kr KOR,MFDF,Jeju United,20-270,2005,2.9,0,1,1,100.0,0.34,0.34,0.00,0.00,0,0,Matches,df5adfaf
210,Kang Minjun,kr KOR,MFDF,Pohang Steelers,23-141,2003,9.1,0,2,1,50.0,0.22,0.11,0.00,0.00,0,0,Matches,1c3e60fc
211,Kim Minjun,kr KOR,FWMF,Bucheon FC,26-196,2000,7.8,1,7,2,28.6,0.89,0.26,0.14,0.50,0,0,Matches,5c47fcbd
212,Kim Minkwon,,DF,Jeju United,,,8.3,1,3,1,33.3,0.36,0.12,0.33,1.00,0,0,Matches,0d854986
213,Kim Minkyu,kr KOR,DF,Sangmu,28-148,1998,3.9,0,0,0,,0.00,0.00,,,0,0,Matches,8fe02d3b
214,Song Minkyu,kr KOR,MFFW,FC Seoul,26-349,1999,18.2,5,24,7,29.2,1.32,0.39,0.21,0.71,0,0,Matches,97d38555
215,Moon Minseo,kr KOR,MFFW,Gwangju FC,22-190,2004,23.2,6,22,8,36.4,0.95,0.35,0.27,0.75,1,1,Matches,411544b3
216,Park Minseo,kr KOR,DF,Sangmu,25-346,2000,0.8,0,0,0,,0.00,0.00,,,0,0,Matches,583ebb1a
217,Seo Minwoo,kr KOR,MF,Gangwon FC,28-168,1998,17.8,0,7,2,28.6,0.39,0.11,0.00,0.00,0,0,Matches,662f05ad
218,Jhon Montaño,co COL,FW,Bucheon FC,29-112,1997,6.4,1,0,0,,0.00,0.00,,,0,0,Matches,2809cc5f
219,Kim Moon-hwan,kr KOR,DF,Daejeon Hana,31-026,1995,20.0,0,2,0,0.0,0.10,0.00,0.00,,0,0,Matches,6bce7dd8
220,Bruno Mota,br BRA,FW,Jeonbuk,30-198,1996,15.7,3,43,12,27.9,2.73,0.76,0.07,0.25,0,0,Matches,89ff1b5d
221,Stefan Mugoša,me MNE,FW,Incheon United,34-182,1992,13.8,10,13,4,30.8,0.94,0.29,0.77,2.50,4,5,Matches,c41ca3d8
222,Lee Myung-jae,kr KOR,DF,Daejeon Hana,32-296,1993,15.4,0,6,2,33.3,0.39,0.13,0.00,0.00,0,0,Matches,08d00071
223,Lee Myung-joo,kr KOR,MF,Incheon United,36-125,1990,17.7,1,7,2,28.6,0.40,0.11,0.14,0.50,1,1,Matches,92ae9dec
224,Seo Myungguan,kr KOR,DF,Ulsan HD,23-277,2002,11.3,1,8,1,12.5,0.71,0.09,0.13,1.00,0,0,Matches,5e7f7aa0
225,Kim Myungsun,kr KOR,DF,Incheon United,26-041,2000,18.8,0,1,0,0.0,0.05,0.00,0.00,,0,0,Matches,f355dcf2
226,Emerson Negueba,br BRA,MFFW,Jeju United,25-276,2000,20.4,5,46,15,32.6,2.25,0.73,0.11,0.33,2,2,Matches,0df60055
227,Gustavo Nescau,br BRA,FW,Bucheon FC,26-168,2000,1.7,0,1,0,0.0,0.60,0.00,0.00,,0,0,Matches,0682693b
228,Kento Nishiya,jp JPN,MF,Pohang Steelers,26-293,1999,12.5,2,5,1,20.0,0.40,0.08,0.40,2.00,0,0,Matches,459c5cc3
229,Oberdan,br BRA,MF,Jeonbuk,31-028,1995,19.5,1,10,3,30.0,0.51,0.15,0.10,0.33,0,0,Matches,6dee0d6c
230,Matheus Oliveira Santos,br BRA,FWMF,FC Anyang,28-333,1997,20.8,10,37,17,45.9,1.78,0.82,0.27,0.59,3,5,Matches,df0d179d
231,Tiago Orobó,br BRA,FW,Jeonbuk,32-303,1993,6.4,4,12,6,50.0,1.88,0.94,0.33,0.67,0,0,Matches,5dd7d165
232,Thomas Oude Kotte,nl NED,MF,Ulsan HD,30-160,1996,6.8,0,1,1,100.0,0.15,0.15,0.00,0.00,0,0,Matches,b9c19ad9
233,Thomas Oude Kotte,nl NED,DFMF,FC Anyang,30-160,1996,9.9,1,0,0,,0.00,0.00,,,0,0,Matches,b9c19ad9
234,Patrick,br BRA,DF,Bucheon FC,29-085,1997,18.6,0,10,5,50.0,0.54,0.27,0.00,0.00,0,0,Matches,e857a755
235,Gytis Paulauskas,lt LTU,FW,Jeonbuk,26-334,1999,3.4,1,12,3,25.0,3.53,0.88,0.08,0.33,0,0,Matches,738b30cd
236,Gytis Paulauskas,lt LTU,FW,Jeju United,26-334,1999,3.2,0,4,1,25.0,1.25,0.31,0.00,0.00,0,0,Matches,738b30cd
237,Pedrinho,br BRA,MF,Ulsan HD,24-188,2002,1.9,0,2,0,0.0,1.07,0.00,0.00,,0,0,Matches,f27c48db
238,João Pedro,br BRA,DF,Gwangju FC,23-166,2003,8.4,0,3,1,33.3,0.36,0.12,0.00,0.00,0,0,Matches,63d989ca
239,York Rafael,rw RWA,MF,FC Anyang,27-163,1999,2.5,0,0,0,,0.00,0.00,,,0,0,Matches,0c568277
240,Juninho Rocha,br BRA,MFFW,Pohang Steelers,28-295,1997,8.0,2,5,2,40.0,0.63,0.25,0.40,1.00,0,0,Matches,e7540cda
241,Leonardo Ruiz,co COL,FWMF,FC Seoul,30-131,1996,7.4,3,10,3,30.0,1.35,0.41,0.30,1.00,0,0,Matches,5ed6bf7a
242,Kim Ryunseong,kr KOR,DFMF,Jeju United,24-084,2002,19.6,1,8,3,37.5,0.41,0.15,0.13,0.33,0,0,Matches,38ea198d
243,Emir Saitoski,mk MKD,FW,Gwangju FC,23-111,2003,0.4,0,0,0,,0.00,0.00,,,0,0,Matches,a38f2bd8
244,Min Sang-gi,kr KOR,DF,Gwangju FC,35-000,1991,6.3,0,0,0,,0.00,0.00,,,0,0,Matches,12885cbe
245,Lee Sang-heon,kr KOR,FW,Sangmu,28-182,1998,6.9,0,2,0,0.0,0.29,0.00,0.00,,0,0,Matches,e0672ada
246,Lee Sang-ki,kr KOR,DF,Incheon United,30-112,1996,1.5,0,0,0,,0.00,0.00,,,0,0,Matches,064bbd28
247,Sim Sang-min,kr KOR,DFMF,Ulsan HD,33-098,1993,9.0,0,2,0,0.0,0.22,0.00,0.00,,0,0,Matches,5c28bdc3
248,Kang Sang-woo,kr KOR,MFFW,Ulsan HD,32-324,1993,7.0,0,6,3,50.0,0.86,0.43,0.00,0.00,0,0,Matches,d9ef4dbc
249,Cho Sanghyeok,kr KOR,FWMF,Pohang Steelers,22-216,2004,6.7,2,13,5,38.5,1.95,0.75,0.15,0.40,0,0,Matches,416a0ca6
250,Lee Sanghyeok,kr KOR,DF,Bucheon FC,25-233,2001,1.0,0,0,0,,0.00,0.00,,,0,0,Matches,86d937a1
251,Park Sanghyeok,kr KOR,FWMF,Gangwon FC,24-065,2002,7.0,1,10,3,30.0,1.44,0.43,0.10,0.33,0,0,Matches,711cba8c
252,Kim Sangjun,kr KOR,MF,Bucheon FC,24-330,2001,16.0,2,11,3,27.3,0.69,0.19,0.18,0.67,0,0,Matches,ef54a718
253,Lee Sangmyung,kr KOR,DF,Jeonbuk,23-126,2003,2.2,0,0,0,,0.00,0.00,,,0,0,Matches,6cbd3e4d
254,Shin Sangun,kr KOR,MFFW,Jeju United,27-007,1999,8.0,2,10,4,40.0,1.26,0.50,0.20,0.50,0,0,Matches,630b4f37
255,Kang Sangyoon,kr KOR,MF,Jeonbuk,22-088,2004,19.2,1,13,6,46.2,0.68,0.31,0.08,0.17,0,0,Matches,40276392
256,Thiaguinho Santos,br BRA,MF,Bucheon FC,26-235,2000,15.2,1,6,1,16.7,0.40,0.07,0.17,1.00,0,0,Matches,2427390a
257,Ju Se-jong,kr KOR,MF,Gwangju FC,35-301,1990,12.7,0,4,0,0.0,0.32,0.00,0.00,,0,0,Matches,ca8ca082
258,Park Sejin,kr KOR,FWMF,Sangmu,22-161,2004,12.9,1,7,3,42.9,0.54,0.23,0.14,0.33,0,0,Matches,02ad10de
259,Jesse Sekidika,ng NGA,MF,Gangwon FC,30-044,1996,3.0,1,5,1,20.0,1.65,0.33,0.20,1.00,0,0,Matches,a28fd21d
260,Jang Seokhwan,kr KOR,DF,Gwangju FC,21-320,2004,2.5,0,0,0,,0.00,0.00,,,0,0,Matches,49dcbcf3
261,Choi Seokhyun,kr KOR,DFMF,Ulsan HD,23-226,2003,9.9,2,6,2,33.3,0.61,0.20,0.33,1.00,0,0,Matches,2b5e2806
262,Han Seokjin,kr KOR,FW,Jeonbuk,18-251,2007,0.3,0,1,0,0.0,3.60,0.00,0.00,,0,0,Matches,fdf26c89
263,Moon Seon-min,kr KOR,MF,FC Seoul,34-079,1992,9.7,3,9,6,66.7,0.93,0.62,0.33,0.50,0,0,Matches,61c75363
264,Cho Seonggwon,kr KOR,DF,Daejeon Hana,25-184,2001,18.7,1,7,1,14.3,0.37,0.05,0.14,1.00,0,0,Matches,245ed47f
265,Cheon Seonghoon,kr KOR,FW,FC Seoul,25-340,2000,0.4,0,3,2,66.7,8.18,5.45,0.00,0.00,0,0,Matches,f1333503
266,Park Seonghoon,kr KOR,DF,FC Seoul,23-212,2003,6.0,0,0,0,,0.00,0.00,,,0,0,Matches,20e1537f
267,Hong Seongmin,kr KOR,GK,Pohang Steelers,19-332,2006,7.0,0,0,0,,0.00,0.00,,,0,0,Matches,c646973b
268,Kim Seongmin,kr KOR,MF,Incheon United,26-055,2000,3.9,0,0,0,,0.00,0.00,,,0,0,Matches,44e74ce3
269,Maeng Seongung,kr KOR,MF,Jeonbuk,28-204,1998,7.0,0,4,0,0.0,0.57,0.00,0.00,,0,0,Matches,715dfd8e
270,Moon Seongwoo,kr KOR,MFFW,FC Anyang,23-104,2003,3.1,0,6,2,33.3,1.91,0.64,0.00,0.00,0,0,Matches,2eb888ae
271,Hwang Seoung,kr KOR,MFFW,Pohang Steelers,21-217,2005,14.5,0,6,4,66.7,0.41,0.28,0.00,0.00,0,0,Matches,77111930
272,Lim Seung-gyeom,kr KOR,DF,Gwangju FC,31-123,1995,0.4,0,0,0,,0.00,0.00,,,0,0,Matches,9b5af452
273,Jung Seung-hyun,kr KOR,DF,Ulsan HD,32-146,1994,19.4,3,12,5,41.7,0.62,0.26,0.25,0.60,0,0,Matches,e0446c82
274,Lee Seung-mo,kr KOR,MF,FC Seoul,28-150,1998,12.2,5,14,5,35.7,1.15,0.41,0.36,1.00,0,0,Matches,2fc16a80
275,Lee Seung-woo,kr KOR,MF,Jeonbuk,28-233,1998,15.2,6,32,11,34.4,2.10,0.72,0.19,0.55,1,2,Matches,0f22b650
276,Son Seungbeom,kr KOR,FW,Pohang Steelers,22-115,2004,0.1,0,0,0,,0.00,0.00,,,0,0,Matches,defacdc6
277,Kim Seungbin,kr KOR,MFFW,Bucheon FC,26-180,2000,3.8,0,1,0,0.0,0.27,0.00,0.00,,0,0,Matches,87b430e2
278,Choi Seunggu,kr KOR,DF,Incheon United,20-333,2005,5.1,0,4,3,75.0,0.79,0.59,0.00,0.00,0,0,Matches,c0b7b170
279,Kim Seungho,kr KOR,MF,Pohang Steelers,27-330,1998,9.7,0,4,2,50.0,0.41,0.21,0.00,0.00,0,0,Matches,3555b6b3
280,Park Seungho,kr KOR,FWMF,Incheon United,22-360,2003,4.6,0,4,0,0.0,0.88,0.00,0.00,,0,0,Matches,67de0445
281,Yoo Seungjae,kr KOR,MF,Jeju United,18-149,2008,0.1,0,0,0,,0.00,0.00,,,0,0,Matches,cc30ef2d
282,Kim Seungsub,kr KOR,MF,Jeonbuk,29-299,1996,13.0,1,13,5,38.5,1.00,0.38,0.08,0.20,0,0,Matches,3f5922fa
283,Ha Seungun,kr KOR,DFMF,Gwangju FC,28-115,1998,17.4,0,1,0,0.0,0.06,0.00,0.00,,0,0,Matches,9a7727b5
284,Jeong Seungwon,kr KOR,MF,FC Seoul,29-181,1997,21.3,7,31,15,48.4,1.46,0.71,0.23,0.47,0,0,Matches,7f4b180f
285,Lee Seungwon,kr KOR,MFFW,Gangwon FC,23-174,2003,4.0,0,0,0,,0.00,0.00,,,0,0,Matches,ba11efea
286,Yeo Seungwon,kr KOR,DF,Incheon United,26-114,2000,1.7,0,0,0,,0.00,0.00,,,0,0,Matches,2fb674e9
287,Sung Shin,kr KOR,MF,Bucheon FC,21-226,2005,1.4,0,0,0,,0.00,0.00,,,0,0,Matches,90024ec7
288,Hong Sihoo,kr KOR,DFMF,Sangmu,25-231,2001,4.9,0,2,0,0.0,0.41,0.00,0.00,,0,0,Matches,3db28267
289,Kim Sinjin,kr KOR,FW,Jeju United,25-045,2001,7.4,3,15,6,40.0,2.03,0.81,0.20,0.50,0,0,Matches,5fb82d00
290,Jin Siwoo,kr KOR,DF,Pohang Steelers,24-022,2002,2.0,0,1,0,0.0,0.50,0.00,0.00,,0,0,Matches,22b95e8a
291,Jang Siyoung,kr KOR,MFDF,Ulsan HD,24-149,2002,8.5,0,1,0,0.0,0.12,0.00,0.00,,0,0,Matches,3e51ccb2
292,Lee Soobin,kr KOR,MF,Sangmu,26-112,2000,9.6,0,1,0,0.0,0.10,0.00,0.00,,0,0,Matches,a6a63445
293,Park Sooil,kr KOR,DF,FC Seoul,30-186,1996,7.1,0,3,0,0.0,0.42,0.00,0.00,,0,0,Matches,ec158ffd
294,Lee Soonmin,kr KOR,MF,Daejeon Hana,32-097,1994,6.5,0,0,0,,0.00,0.00,,,0,0,Matches,90539ec6
295,Park Subin,kr KOR,MF,Jeju United,26-339,1999,0.6,0,0,0,,0.00,0.00,,,0,0,Matches,55c81a75
296,Ki Sung-yueng,kr KOR,MF,Pohang Steelers,37-215,1989,12.2,0,4,0,0.0,0.33,0.00,0.00,,0,0,Matches,1d8c99b0
297,Gu Sung-yun,kr KOR,GK,FC Seoul,32-061,1994,25.0,0,0,0,,0.00,0.00,,,0,0,Matches,d10453b9
298,Kwak Sunghoon,kr KOR,DF,Gwangju FC,20-070,2006,0.0,0,0,0,,0.00,0.00,,,0,0,Matches,1efe8a9a
299,Park Sunghyun,kr KOR,MF,Gwangju FC,23-105,2003,1.6,0,0,0,,0.00,0.00,,,0,0,Matches,2bb39944
300,Hong Sungwook,kr KOR,DF,Bucheon FC,23-344,2002,24.0,0,9,1,11.1,0.37,0.04,0.00,0.00,0,0,Matches,28bbed0c
301,Kwon Sungyun,kr KOR,DFMF,Gwangju FC,25-150,2001,14.4,0,3,0,0.0,0.21,0.00,0.00,,0,0,Matches,0a8dc1d3
302,Lee Tae-hee,kr KOR,DFMF,FC Anyang,34-072,1992,15.1,1,2,2,100.0,0.13,0.13,0.50,0.50,0,0,Matches,fdfacbb5
303,Nam Tae-hee,kr KOR,FWMF,Jeju United,35-055,1991,12.2,1,12,2,16.7,0.98,0.16,0.08,0.50,0,0,Matches,484e9d32
304,Kim Tae-hwan,kr KOR,DF,Jeonbuk,37-034,1989,18.7,0,5,1,20.0,0.27,0.05,0.00,0.00,0,0,Matches,2e2f2a1c
305,An Tae-hyun,kr KOR,MFDF,Bucheon FC,33-179,1993,18.8,1,6,1,16.7,0.32,0.05,0.17,1.00,0,0,Matches,eee918fb
306,Jin Taeho,kr KOR,FW,Jeonbuk,20-219,2006,0.6,0,1,0,0.0,1.55,0.00,0.00,,0,0,Matches,40146931
307,Lee Taehui,kr KOR,GK,Incheon United,31-123,1995,4.9,0,0,0,,0.00,0.00,,,0,0,Matches,f732a0eb
308,Kim Taehwan,kr KOR,DF,Sangmu,26-155,2000,21.1,0,5,1,20.0,0.24,0.05,0.00,0.00,0,0,Matches,2d0b6c94
309,Kim Taehyun,kr KOR,DF,Jeonbuk,29-251,1996,11.1,0,12,2,16.7,1.08,0.18,0.00,0.00,0,0,Matches,143204a4
310,Park Taejun,kr KOR,MF,Sangmu,27-220,1999,21.4,2,9,1,11.1,0.42,0.05,0.22,2.00,0,0,Matches,219fdd3c
311,Kazuki Takahashi,jp JPN,MF,Bucheon FC,29-325,1996,11.9,0,1,0,0.0,0.08,0.00,0.00,,0,0,Matches,96e7578a
312,Jakob Tranziska,de GER,FWMF,Pohang Steelers,25-063,2001,11.3,4,21,5,23.8,1.86,0.44,0.19,0.80,0,0,Matches,65bf5976
313,Miłosz Trojak,pl POL,MFDF,Ulsan HD,32-114,1994,8.1,1,7,1,14.3,0.87,0.12,0.14,1.00,0,0,Matches,d02ffcea
314,Blaise Tsague,cm CMR,FW,FC Anyang,26-112,2000,1.7,0,5,2,40.0,3.00,1.20,0.00,0.00,0,0,Matches,cfb9ba86
315,Marko Tuci,me MNE,DF,Gangwon FC,27-266,1998,19.4,3,5,1,20.0,0.26,0.05,0.60,3.00,0,0,Matches,cea3ddc7
316,Patrick Twumasi,gh GHA,FWMF,Jeonbuk,32-110,1994,0.0,0,0,0,,0.00,0.00,,,0,0,Matches,e3993b65
317,Dam Uh,kr KOR,FW,Bucheon FC,20-157,2006,0.1,0,0,0,,0.00,0.00,,,0,0,Matches,69700792
318,Iker Undabarrena,es ESP,MF,Incheon United,31-101,1995,3.7,0,0,0,,0.00,0.00,,,0,0,Matches,ed21e2f8
319,João Victor,br BRA,MFFW,Daejeon Hana,27-183,1999,9.7,0,8,4,50.0,0.82,0.41,0.00,0.00,0,0,Matches,5049696b
320,Wanderson,br BRA,MFDF,Pohang Steelers,37-149,1989,12.0,3,13,6,46.2,1.09,0.50,0.23,0.50,0,0,Matches,98cc3363
321,Cho Wi-je,kr KOR,DF,Jeonbuk,25-002,2001,19.5,2,14,4,28.6,0.72,0.20,0.14,0.50,0,0,Matches,dcf21532
322,Jung Won-jin,kr KOR,MF,Incheon United,32-017,1994,0.4,0,0,0,,0.00,0.00,,,0,0,Matches,91943640
323,Park Wonjae,kr KOR,DF,Gwangju FC,32-112,1994,3.7,0,0,0,,0.00,0.00,,,0,0,Matches,7790bff4
324,Um Wonsang,kr KOR,MF,Daejeon Hana,27-233,1999,6.9,2,15,7,46.7,2.19,1.02,0.13,0.29,0,0,Matches,9157dbbf
325,Cho Wonwoo,kr KOR,FW,Gangwon FC,21-107,2005,0.8,0,0,0,,0.00,0.00,,,0,0,Matches,cee05afd
326,Choi Woojin,kr KOR,DF,Jeonbuk,22-040,2004,14.0,1,6,1,16.7,0.43,0.07,0.17,1.00,0,0,Matches,b53e9cdd
327,Kim Woojin,kr KOR,MF,Gwangju FC,21-113,2005,1.9,0,2,0,0.0,1.03,0.00,0.00,,0,0,Matches,cef96800
328,Chung Woon,kr KOR,DF,Jeju United,37-058,1989,2.4,0,0,0,,0.00,0.00,,,0,0,Matches,68a424cc
329,Kim Yegeon,kr KOR,MF,Jeonbuk,18-020,2008,2.9,1,10,4,40.0,3.47,1.39,0.10,0.25,0,0,Matches,fb00aaba
330,Sung Yegeon,kr KOR,MF,Bucheon FC,20-301,2005,6.0,2,6,4,66.7,1.01,0.67,0.33,0.50,0,0,Matches,75ef3f80
331,Lee Yeong-jae,kr KOR,MF,Jeonbuk,31-348,1994,2.8,0,6,0,0.0,2.14,0.00,0.00,,0,0,Matches,e4c18bc4
332,Kim Yesung,kr KOR,DF,Pohang Steelers,29-310,1996,6.4,0,1,0,0.0,0.16,0.00,0.00,,0,0,Matches,09027759
333,Kim Yiseok,kr KOR,MFFW,Sangmu,28-069,1998,6.0,1,6,3,50.0,1.00,0.50,0.17,0.33,0,0,Matches,da2489c8
334,Ri Yong-jik,kp PRK,MF,Gwangju FC,35-200,1991,3.5,0,3,1,33.3,0.86,0.29,0.00,0.00,0,0,Matches,2edf857a
335,Kim Yonghak,kr KOR,MFFW,Pohang Steelers,23-099,2003,3.9,0,0,0,,0.00,0.00,,,0,0,Matches,be92df85
336,Hong Yongjun,kr KOR,MF,Gwangju FC,23-154,2003,4.7,0,3,1,33.3,0.64,0.21,0.00,0.00,0,0,Matches,200262e8
337,Kim Yongwook,,DFMF,Gwangju FC,,,9.9,0,2,0,0.0,0.20,0.00,0.00,,0,0,Matches,dc938ca2
338,Heo Yool,kr KOR,FW,Ulsan HD,25-137,2001,1.5,2,1,1,100.0,0.68,0.68,2.00,2.00,0,0,Matches,2880ba02
339,Lee You-hyeon,kr KOR,MF,Gangwon FC,29-200,1997,19.5,2,22,8,36.4,1.13,0.41,0.09,0.25,0,0,Matches,a4cf8951
340,Kim Young-bin,kr KOR,DF,Jeonbuk,34-341,1991,21.3,2,8,3,37.5,0.38,0.14,0.25,0.67,0,0,Matches,3d3da10c
341,Kim Young-chan,kr KOR,DF,FC Anyang,32-357,1993,12.0,1,0,0,,0.00,0.00,,,0,0,Matches,145c7bde
342,Kim Young-gwon,kr KOR,DF,Ulsan HD,36-181,1990,13.3,1,6,2,33.3,0.45,0.15,0.17,0.50,0,0,Matches,9459ace1
343,Ahn Young-kyu,kr KOR,DF,Gwangju FC,36-266,1989,14.2,0,0,0,,0.00,0.00,,,0,0,Matches,979307e9
344,Seo Youngjae,kr KOR,DF,Daejeon Hana,31-096,1995,1.5,0,0,0,,0.00,0.00,,,0,0,Matches,9caae30d
345,Goh Youngjun,kr KOR,FWMF,Gangwon FC,25-049,2001,14.8,1,13,6,46.2,0.88,0.40,0.08,0.17,0,0,Matches,f1c1e9c3
346,Kim Youngwhan,kr KOR,MFFW,Incheon United,24-157,2002,1.9,0,3,1,33.3,1.59,0.53,0.00,0.00,0,0,Matches,ee3d00f3
347,Cho Youngwook,kr KOR,FWMF,FC Seoul,27-203,1999,8.2,3,8,3,37.5,0.98,0.37,0.38,1.00,0,0,Matches,c0b4f2c7
348,Kang Yun-seong,kr KOR,MFDF,Daejeon Hana,29-057,1997,13.0,0,11,1,9.1,0.85,0.08,0.00,0.00,0,0,Matches,81c93371
349,Kang Yungu,kr KOR,MFFW,Gangwon FC,24-141,2002,2.9,0,0,0,,0.00,0.00,,,0,0,Matches,a9f44951
350,Kim Yunho,kr KOR,FW,Gwangju FC,19-106,2007,2.8,0,0,0,,0.00,0.00,,,0,0,Matches,e817879a
351,Hong Yunsang,kr KOR,MF,Sangmu,24-161,2002,10.9,2,7,1,14.3,0.64,0.09,0.29,2.00,0,0,Matches,ee945e21
