fotmob_name,player
Marcão,Marcão
Yago Cariello,Yago Cariello
Tiago Orobó,Tiago Orobó
Diogo,Diogo
Patryk Klimala,Patryk Klimala
Breno Herculano,Breno Herculano
Vitor Gabriel,Vitor Gabriel
Morgan Ferrier,Morgan Ferrier
John Montaño,Jhon Montaño
Min-Kyu Joo,Joo Min-kyu
Ho-Jae Lee,Lee Hojae
Bruno Mota,Bruno Mota
Hólmbert Fridjónsson,Hólmbert Friðjónsson
Gun-Hee Kim,Kim Gun-hee
Sang-Heon Lee,Lee Sang-heon
Abdalla Halaihal,Abdallah Hleihil
Stefan Mugosa,Stefan Mugoša
Shin-Jin Kim,Kim Sinjin
Jae-Min Jeong,Jeong Jaemin
Kun-Hee Lee,Lee Kunhee
Byeong-Chan Choi,Choe Byeongchan
